tokens,unique,type_token,hit_pct,corpus_mb,variant,prep_ms,lookup_ms,best_ms,speedup,mwords_per_s,ns_per_token
500000,91113,0.1822,84.01,6.0,0 baseline,0.0,0.275,0.272,1.0,1817.9,0.55
500000,91113,0.1822,84.01,6.0,2 gpu-sort-8B,0.403,0.098,0.098,2.8,5086.3,0.196
500000,91113,0.1822,84.01,6.0,2b gpu-full,3.01,0.098,0.098,2.8,5096.9,0.196
500000,91113,0.1822,84.01,6.0,3 gpu-prefix,0.106,0.108,0.107,2.55,4631.8,0.216
500000,91113,0.1822,84.01,6.0,4 gpu-partition,0.222,0.14,0.14,1.96,3564.1,0.28
500000,91113,0.1822,84.01,6.0,6 sort+compact,0.821,0.051,0.05,5.42,9844.4,0.102
500000,91113,0.1822,84.01,6.0,6b sort-2B+compact,0.615,0.08,0.08,3.42,6212.2,0.16
1000000,143015,0.143,84.44,11.9,0 baseline,0.0,0.56,0.559,1.0,1785.7,0.56
1000000,143015,0.143,84.44,11.9,2 gpu-sort-8B,0.419,0.179,0.179,3.13,5581.4,0.179
1000000,143015,0.143,84.44,11.9,2b gpu-full,3.57,0.184,0.183,3.04,5437.4,0.184
1000000,143015,0.143,84.44,11.9,3 gpu-prefix,0.133,0.208,0.206,2.7,4816.3,0.208
1000000,143015,0.143,84.44,11.9,4 gpu-partition,0.379,0.278,0.277,2.02,3603.6,0.278
1000000,143015,0.143,84.44,11.9,6 sort+compact,1.044,0.089,0.089,6.26,11173.5,0.089
1000000,143015,0.143,84.44,11.9,6b sort-2B+compact,0.938,0.146,0.146,3.84,6850.4,0.146
1500000,188109,0.1254,85.28,17.9,0 baseline,0.0,0.837,0.835,1.0,1791.7,0.558
1500000,188109,0.1254,85.28,17.9,2 gpu-sort-8B,0.411,0.259,0.258,3.23,5794.5,0.173
1500000,188109,0.1254,85.28,17.9,2b gpu-full,4.629,0.271,0.269,3.09,5531.9,0.181
1500000,188109,0.1254,85.28,17.9,3 gpu-prefix,0.183,0.298,0.297,2.81,5041.0,0.199
1500000,188109,0.1254,85.28,17.9,4 gpu-partition,0.559,0.417,0.416,2.01,3599.3,0.278
1500000,188109,0.1254,85.28,17.9,6 sort+compact,1.367,0.153,0.153,5.46,9777.0,0.102
1500000,188109,0.1254,85.28,17.9,6b sort-2B+compact,1.127,0.225,0.224,3.72,6664.4,0.15
2000000,205706,0.1029,85.99,23.8,0 baseline,0.0,1.095,1.093,1.0,1826.4,0.547
2000000,205706,0.1029,85.99,23.8,2 gpu-sort-8B,0.489,0.339,0.338,3.23,5907.9,0.17
2000000,205706,0.1029,85.99,23.8,2b gpu-full,5.178,0.357,0.356,3.07,5602.8,0.178
2000000,205706,0.1029,85.99,23.8,3 gpu-prefix,0.216,0.38,0.379,2.88,5264.5,0.19
2000000,205706,0.1029,85.99,23.8,4 gpu-partition,0.767,0.52,0.519,2.11,3847.8,0.26
2000000,205706,0.1029,85.99,23.8,6 sort+compact,1.723,0.212,0.212,5.17,9438.5,0.106
2000000,205706,0.1029,85.99,23.8,6b sort-2B+compact,1.428,0.3,0.3,3.65,6662.5,0.15
3000000,288228,0.0961,85.01,35.7,0 baseline,0.0,1.628,1.624,1.0,1843.2,0.543
3000000,288228,0.0961,85.01,35.7,2 gpu-sort-8B,1.238,0.506,0.503,3.21,5923.3,0.169
3000000,288228,0.0961,85.01,35.7,2b gpu-full,7.979,0.522,0.521,3.12,5742.2,0.174
3000000,288228,0.0961,85.01,35.7,3 gpu-prefix,0.391,0.569,0.566,2.86,5271.1,0.19
3000000,288228,0.0961,85.01,35.7,4 gpu-partition,1.122,0.783,0.78,2.08,3831.7,0.261
3000000,288228,0.0961,85.01,35.7,6 sort+compact,2.695,0.299,0.298,5.45,10046.9,0.1
3000000,288228,0.0961,85.01,35.7,6b sort-2B+compact,2.091,0.438,0.436,3.72,6848.3,0.146
4000000,358821,0.0897,84.98,47.6,0 baseline,0.0,2.156,2.152,1.0,1855.3,0.539
4000000,358821,0.0897,84.98,47.6,2 gpu-sort-8B,1.205,0.976,0.974,2.21,4100.3,0.244
4000000,358821,0.0897,84.98,47.6,2b gpu-full,10.83,1.0,0.999,2.16,3999.0,0.25
4000000,358821,0.0897,84.98,47.6,3 gpu-prefix,0.669,0.943,0.942,2.29,4240.4,0.236
4000000,358821,0.0897,84.98,47.6,4 gpu-partition,1.496,1.095,1.091,1.97,3652.8,0.274
4000000,358821,0.0897,84.98,47.6,6 sort+compact,3.739,0.376,0.376,5.73,10632.1,0.094
4000000,358821,0.0897,84.98,47.6,6b sort-2B+compact,2.752,0.563,0.561,3.83,7105.3,0.141
5000000,425380,0.0851,84.97,59.5,0 baseline,0.0,2.69,2.684,1.0,1858.8,0.538
5000000,425380,0.0851,84.97,59.5,2 gpu-sort-8B,1.659,1.543,1.54,1.74,3240.5,0.309
5000000,425380,0.0851,84.97,59.5,2b gpu-full,13.476,1.599,1.597,1.68,3126.0,0.32
5000000,425380,0.0851,84.97,59.5,3 gpu-prefix,0.903,1.383,1.381,1.94,3615.3,0.277
5000000,425380,0.0851,84.97,59.5,4 gpu-partition,1.86,1.465,1.463,1.84,3413.6,0.293
5000000,425380,0.0851,84.97,59.5,6 sort+compact,4.821,0.456,0.455,5.9,10962.8,0.091
5000000,425380,0.0851,84.97,59.5,6b sort-2B+compact,3.323,0.694,0.692,3.88,7204.5,0.139
6000000,482788,0.0805,85.53,71.4,0 baseline,0.0,3.232,3.23,1.0,1856.2,0.539
6000000,482788,0.0805,85.53,71.4,2 gpu-sort-8B,2.112,2.098,2.093,1.54,2860.5,0.35
6000000,482788,0.0805,85.53,71.4,2b gpu-full,16.131,2.182,2.178,1.48,2749.6,0.364
6000000,482788,0.0805,85.53,71.4,3 gpu-prefix,1.161,1.815,1.809,1.78,3305.5,0.302
6000000,482788,0.0805,85.53,71.4,4 gpu-partition,2.266,1.841,1.839,1.76,3258.2,0.307
6000000,482788,0.0805,85.53,71.4,6 sort+compact,8.047,0.54,0.539,5.99,11119.7,0.09
6000000,482788,0.0805,85.53,71.4,6b sort-2B+compact,4.188,0.831,0.831,3.89,7218.1,0.139
8000000,589637,0.0737,85.5,95.2,0 baseline,0.0,4.317,4.311,1.0,1853.1,0.54
8000000,589637,0.0737,85.5,95.2,2 gpu-sort-8B,2.909,3.179,3.174,1.36,2516.3,0.397
8000000,589637,0.0737,85.5,95.2,2b gpu-full,22.728,3.319,3.318,1.3,2410.1,0.415
8000000,589637,0.0737,85.5,95.2,3 gpu-prefix,3.234,2.693,2.682,1.6,2971.0,0.337
8000000,589637,0.0737,85.5,95.2,4 gpu-partition,3.155,2.554,2.552,1.69,3131.8,0.319
8000000,589637,0.0737,85.5,95.2,6 sort+compact,9.608,0.764,0.763,5.65,10475.3,0.096
8000000,589637,0.0737,85.5,95.2,6b sort-2B+compact,5.772,1.117,1.117,3.86,7160.9,0.14
10000000,688368,0.0688,85.42,119.0,0 baseline,0.0,5.393,5.386,1.0,1854.2,0.539
10000000,688368,0.0688,85.42,119.0,2 gpu-sort-8B,3.673,4.334,4.278,1.24,2307.2,0.433
10000000,688368,0.0688,85.42,119.0,2b gpu-full,27.945,4.478,4.463,1.2,2233.1,0.448
10000000,688368,0.0688,85.42,119.0,3 gpu-prefix,2.047,3.627,3.62,1.49,2757.4,0.363
10000000,688368,0.0688,85.42,119.0,4 gpu-partition,3.942,3.425,3.285,1.57,2919.3,0.343
10000000,688368,0.0688,85.42,119.0,6 sort+compact,10.572,1.158,1.157,4.66,8637.6,0.116
10000000,688368,0.0688,85.42,119.0,6b sort-2B+compact,6.843,1.474,1.473,3.66,6782.7,0.147
